--
-- PostgreSQL database cluster dump
--

-- Started on 2023-12-20 11:48:01

SET default_transaction_read_only = off;

SET client_encoding = 'UTF8';
SET standard_conforming_strings = on;

--
-- Roles
--

CREATE ROLE postgres;
ALTER ROLE postgres WITH SUPERUSER INHERIT CREATEROLE CREATEDB LOGIN REPLICATION BYPASSRLS PASSWORD 'SCRAM-SHA-256$4096:JZBhCxs9fJGG7H1eZN9F9A==$ob5m4wlH085TRjbmm7wrFbCJ4VT3tbspGuSwVHnVKV0=:gbqnwO6bAS+0eLIPmzlmydKnJsSW9kEYVc6kIYwDvhY=';

--
-- User Configurations
--








--
-- Databases
--

--
-- Database "template1" dump
--

\connect template1

--
-- PostgreSQL database dump
--

-- Dumped from database version 15.5
-- Dumped by pg_dump version 16.0

-- Started on 2023-12-20 11:48:01

SET statement_timeout = 0;
SET lock_timeout = 0;
SET idle_in_transaction_session_timeout = 0;
SET client_encoding = 'UTF8';
SET standard_conforming_strings = on;
SELECT pg_catalog.set_config('search_path', '', false);
SET check_function_bodies = false;
SET xmloption = content;
SET client_min_messages = warning;
SET row_security = off;

-- Completed on 2023-12-20 11:48:02

--
-- PostgreSQL database dump complete
--

--
-- Database "gallapatti" dump
--

--
-- PostgreSQL database dump
--

-- Dumped from database version 15.5
-- Dumped by pg_dump version 16.0

-- Started on 2023-12-20 11:48:02

SET statement_timeout = 0;
SET lock_timeout = 0;
SET idle_in_transaction_session_timeout = 0;
SET client_encoding = 'UTF8';
SET standard_conforming_strings = on;
SELECT pg_catalog.set_config('search_path', '', false);
SET check_function_bodies = false;
SET xmloption = content;
SET client_min_messages = warning;
SET row_security = off;

--
-- TOC entry 3511 (class 1262 OID 16398)
-- Name: gallapatti; Type: DATABASE; Schema: -; Owner: postgres
--

CREATE DATABASE gallapatti WITH TEMPLATE = template0 ENCODING = 'UTF8' LOCALE_PROVIDER = libc LOCALE = 'English_United States.1252';


ALTER DATABASE gallapatti OWNER TO postgres;

\connect gallapatti

SET statement_timeout = 0;
SET lock_timeout = 0;
SET idle_in_transaction_session_timeout = 0;
SET client_encoding = 'UTF8';
SET standard_conforming_strings = on;
SELECT pg_catalog.set_config('search_path', '', false);
SET check_function_bodies = false;
SET xmloption = content;
SET client_min_messages = warning;
SET row_security = off;

SET default_tablespace = '';

SET default_table_access_method = heap;

--
-- TOC entry 236 (class 1259 OID 16552)
-- Name: MainApp_balancesheet; Type: TABLE; Schema: public; Owner: postgres
--

CREATE TABLE public."MainApp_balancesheet" (
    id bigint NOT NULL,
    "ClosingBalance" integer,
    "Comment" text,
    "OpeningBalance" integer,
    "ThatDay" date,
    "ToBank" integer,
    "TodayIncome" integer,
    "TotalPaymentGiven" integer,
    "TotalPaymentReceived" integer
);


ALTER TABLE public."MainApp_balancesheet" OWNER TO postgres;

--
-- TOC entry 235 (class 1259 OID 16551)
-- Name: MainApp_balancesheet_id_seq; Type: SEQUENCE; Schema: public; Owner: postgres
--

ALTER TABLE public."MainApp_balancesheet" ALTER COLUMN id ADD GENERATED BY DEFAULT AS IDENTITY (
    SEQUENCE NAME public."MainApp_balancesheet_id_seq"
    START WITH 1
    INCREMENT BY 1
    NO MINVALUE
    NO MAXVALUE
    CACHE 1
);


--
-- TOC entry 238 (class 1259 OID 16558)
-- Name: MainApp_buyers; Type: TABLE; Schema: public; Owner: postgres
--

CREATE TABLE public."MainApp_buyers" (
    id bigint NOT NULL,
    "BuyerName" character varying(30) NOT NULL,
    "MobileNumber" character varying(15) NOT NULL,
    "FromAddress" character varying(100) NOT NULL
);


ALTER TABLE public."MainApp_buyers" OWNER TO postgres;

--
-- TOC entry 237 (class 1259 OID 16557)
-- Name: MainApp_buyers_id_seq; Type: SEQUENCE; Schema: public; Owner: postgres
--

ALTER TABLE public."MainApp_buyers" ALTER COLUMN id ADD GENERATED BY DEFAULT AS IDENTITY (
    SEQUENCE NAME public."MainApp_buyers_id_seq"
    START WITH 1
    INCREMENT BY 1
    NO MINVALUE
    NO MAXVALUE
    CACHE 1
);


--
-- TOC entry 246 (class 1259 OID 16582)
-- Name: MainApp_exportedgoods; Type: TABLE; Schema: public; Owner: postgres
--

CREATE TABLE public."MainApp_exportedgoods" (
    id bigint NOT NULL,
    "BuyerID_id" bigint NOT NULL,
    "ImportedGoodID_id" bigint NOT NULL,
    "BalanceToBeReceived" integer,
    "BillingStatus" boolean NOT NULL,
    "Comment" text,
    "CretesCount" integer,
    "ExportDate" date,
    "MandiExpenses" integer,
    "PaymentReceivedDate" date,
    "SellingPrice" integer,
    "TobeReceivedFromSupplier" integer,
    "TotalAmount" integer,
    "inKGs" integer
);


ALTER TABLE public."MainApp_exportedgoods" OWNER TO postgres;

--
-- TOC entry 245 (class 1259 OID 16581)
-- Name: MainApp_exportedgoods_id_seq; Type: SEQUENCE; Schema: public; Owner: postgres
--

ALTER TABLE public."MainApp_exportedgoods" ALTER COLUMN id ADD GENERATED BY DEFAULT AS IDENTITY (
    SEQUENCE NAME public."MainApp_exportedgoods_id_seq"
    START WITH 1
    INCREMENT BY 1
    NO MINVALUE
    NO MAXVALUE
    CACHE 1
);


--
-- TOC entry 217 (class 1259 OID 16408)
-- Name: MainApp_goods; Type: TABLE; Schema: public; Owner: postgres
--

CREATE TABLE public."MainApp_goods" (
    id bigint NOT NULL,
    "GoodsName" character varying(50) NOT NULL,
    "GoodsQuality" character varying(10) NOT NULL,
    "GoodsPrice" integer
);


ALTER TABLE public."MainApp_goods" OWNER TO postgres;

--
-- TOC entry 216 (class 1259 OID 16407)
-- Name: MainApp_goods_id_seq; Type: SEQUENCE; Schema: public; Owner: postgres
--

ALTER TABLE public."MainApp_goods" ALTER COLUMN id ADD GENERATED BY DEFAULT AS IDENTITY (
    SEQUENCE NAME public."MainApp_goods_id_seq"
    START WITH 1
    INCREMENT BY 1
    NO MINVALUE
    NO MAXVALUE
    CACHE 1
);


--
-- TOC entry 244 (class 1259 OID 16576)
-- Name: MainApp_importedgoods; Type: TABLE; Schema: public; Owner: postgres
--

CREATE TABLE public."MainApp_importedgoods" (
    id bigint NOT NULL,
    "GoodsID_id" bigint NOT NULL,
    "SupplierID_id" bigint NOT NULL,
    "BalanceToBePaid" integer,
    "BillingStatus" boolean NOT NULL,
    "Comment" text,
    "DatePaid" date,
    "GoodsPrice" integer,
    "ImportDate" date,
    "MandiExpenses" integer,
    "SoldStatus" boolean NOT NULL,
    "TobePaidToSupplier" integer,
    "TotalAmount" integer,
    "creatsCount" integer,
    "inKGs" integer
);


ALTER TABLE public."MainApp_importedgoods" OWNER TO postgres;

--
-- TOC entry 243 (class 1259 OID 16575)
-- Name: MainApp_importedgoods_id_seq; Type: SEQUENCE; Schema: public; Owner: postgres
--

ALTER TABLE public."MainApp_importedgoods" ALTER COLUMN id ADD GENERATED BY DEFAULT AS IDENTITY (
    SEQUENCE NAME public."MainApp_importedgoods_id_seq"
    START WITH 1
    INCREMENT BY 1
    NO MINVALUE
    NO MAXVALUE
    CACHE 1
);


--
-- TOC entry 240 (class 1259 OID 16564)
-- Name: MainApp_mandiexpenses; Type: TABLE; Schema: public; Owner: postgres
--

CREATE TABLE public."MainApp_mandiexpenses" (
    id bigint NOT NULL,
    "Charity" integer,
    "Coolie" integer,
    "MandiServiceCharge" integer,
    "Wastage" integer
);


ALTER TABLE public."MainApp_mandiexpenses" OWNER TO postgres;

--
-- TOC entry 239 (class 1259 OID 16563)
-- Name: MainApp_mandiexpenses_id_seq; Type: SEQUENCE; Schema: public; Owner: postgres
--

ALTER TABLE public."MainApp_mandiexpenses" ALTER COLUMN id ADD GENERATED BY DEFAULT AS IDENTITY (
    SEQUENCE NAME public."MainApp_mandiexpenses_id_seq"
    START WITH 1
    INCREMENT BY 1
    NO MINVALUE
    NO MAXVALUE
    CACHE 1
);


--
-- TOC entry 242 (class 1259 OID 16570)
-- Name: MainApp_suppliers; Type: TABLE; Schema: public; Owner: postgres
--

CREATE TABLE public."MainApp_suppliers" (
    id bigint NOT NULL,
    "SupplierName" character varying(30) NOT NULL,
    "MobileNumber" character varying(15) NOT NULL,
    "FromAddress" character varying(100) NOT NULL
);


ALTER TABLE public."MainApp_suppliers" OWNER TO postgres;

--
-- TOC entry 241 (class 1259 OID 16569)
-- Name: MainApp_suppliers_id_seq; Type: SEQUENCE; Schema: public; Owner: postgres
--

ALTER TABLE public."MainApp_suppliers" ALTER COLUMN id ADD GENERATED BY DEFAULT AS IDENTITY (
    SEQUENCE NAME public."MainApp_suppliers_id_seq"
    START WITH 1
    INCREMENT BY 1
    NO MINVALUE
    NO MAXVALUE
    CACHE 1
);


--
-- TOC entry 223 (class 1259 OID 16428)
-- Name: auth_group; Type: TABLE; Schema: public; Owner: postgres
--

CREATE TABLE public.auth_group (
    id integer NOT NULL,
    name character varying(150) NOT NULL
);


ALTER TABLE public.auth_group OWNER TO postgres;

--
-- TOC entry 222 (class 1259 OID 16427)
-- Name: auth_group_id_seq; Type: SEQUENCE; Schema: public; Owner: postgres
--

ALTER TABLE public.auth_group ALTER COLUMN id ADD GENERATED BY DEFAULT AS IDENTITY (
    SEQUENCE NAME public.auth_group_id_seq
    START WITH 1
    INCREMENT BY 1
    NO MINVALUE
    NO MAXVALUE
    CACHE 1
);


--
-- TOC entry 225 (class 1259 OID 16436)
-- Name: auth_group_permissions; Type: TABLE; Schema: public; Owner: postgres
--

CREATE TABLE public.auth_group_permissions (
    id bigint NOT NULL,
    group_id integer NOT NULL,
    permission_id integer NOT NULL
);


ALTER TABLE public.auth_group_permissions OWNER TO postgres;

--
-- TOC entry 224 (class 1259 OID 16435)
-- Name: auth_group_permissions_id_seq; Type: SEQUENCE; Schema: public; Owner: postgres
--

ALTER TABLE public.auth_group_permissions ALTER COLUMN id ADD GENERATED BY DEFAULT AS IDENTITY (
    SEQUENCE NAME public.auth_group_permissions_id_seq
    START WITH 1
    INCREMENT BY 1
    NO MINVALUE
    NO MAXVALUE
    CACHE 1
);


--
-- TOC entry 221 (class 1259 OID 16422)
-- Name: auth_permission; Type: TABLE; Schema: public; Owner: postgres
--

CREATE TABLE public.auth_permission (
    id integer NOT NULL,
    name character varying(255) NOT NULL,
    content_type_id integer NOT NULL,
    codename character varying(100) NOT NULL
);


ALTER TABLE public.auth_permission OWNER TO postgres;

--
-- TOC entry 220 (class 1259 OID 16421)
-- Name: auth_permission_id_seq; Type: SEQUENCE; Schema: public; Owner: postgres
--

ALTER TABLE public.auth_permission ALTER COLUMN id ADD GENERATED BY DEFAULT AS IDENTITY (
    SEQUENCE NAME public.auth_permission_id_seq
    START WITH 1
    INCREMENT BY 1
    NO MINVALUE
    NO MAXVALUE
    CACHE 1
);


--
-- TOC entry 227 (class 1259 OID 16442)
-- Name: auth_user; Type: TABLE; Schema: public; Owner: postgres
--

CREATE TABLE public.auth_user (
    id integer NOT NULL,
    password character varying(128) NOT NULL,
    last_login timestamp with time zone,
    is_superuser boolean NOT NULL,
    username character varying(150) NOT NULL,
    first_name character varying(150) NOT NULL,
    last_name character varying(150) NOT NULL,
    email character varying(254) NOT NULL,
    is_staff boolean NOT NULL,
    is_active boolean NOT NULL,
    date_joined timestamp with time zone NOT NULL
);


ALTER TABLE public.auth_user OWNER TO postgres;

--
-- TOC entry 229 (class 1259 OID 16450)
-- Name: auth_user_groups; Type: TABLE; Schema: public; Owner: postgres
--

CREATE TABLE public.auth_user_groups (
    id bigint NOT NULL,
    user_id integer NOT NULL,
    group_id integer NOT NULL
);


ALTER TABLE public.auth_user_groups OWNER TO postgres;

--
-- TOC entry 228 (class 1259 OID 16449)
-- Name: auth_user_groups_id_seq; Type: SEQUENCE; Schema: public; Owner: postgres
--

ALTER TABLE public.auth_user_groups ALTER COLUMN id ADD GENERATED BY DEFAULT AS IDENTITY (
    SEQUENCE NAME public.auth_user_groups_id_seq
    START WITH 1
    INCREMENT BY 1
    NO MINVALUE
    NO MAXVALUE
    CACHE 1
);


--
-- TOC entry 226 (class 1259 OID 16441)
-- Name: auth_user_id_seq; Type: SEQUENCE; Schema: public; Owner: postgres
--

ALTER TABLE public.auth_user ALTER COLUMN id ADD GENERATED BY DEFAULT AS IDENTITY (
    SEQUENCE NAME public.auth_user_id_seq
    START WITH 1
    INCREMENT BY 1
    NO MINVALUE
    NO MAXVALUE
    CACHE 1
);


--
-- TOC entry 231 (class 1259 OID 16456)
-- Name: auth_user_user_permissions; Type: TABLE; Schema: public; Owner: postgres
--

CREATE TABLE public.auth_user_user_permissions (
    id bigint NOT NULL,
    user_id integer NOT NULL,
    permission_id integer NOT NULL
);


ALTER TABLE public.auth_user_user_permissions OWNER TO postgres;

--
-- TOC entry 230 (class 1259 OID 16455)
-- Name: auth_user_user_permissions_id_seq; Type: SEQUENCE; Schema: public; Owner: postgres
--

ALTER TABLE public.auth_user_user_permissions ALTER COLUMN id ADD GENERATED BY DEFAULT AS IDENTITY (
    SEQUENCE NAME public.auth_user_user_permissions_id_seq
    START WITH 1
    INCREMENT BY 1
    NO MINVALUE
    NO MAXVALUE
    CACHE 1
);


--
-- TOC entry 233 (class 1259 OID 16514)
-- Name: django_admin_log; Type: TABLE; Schema: public; Owner: postgres
--

CREATE TABLE public.django_admin_log (
    id integer NOT NULL,
    action_time timestamp with time zone NOT NULL,
    object_id text,
    object_repr character varying(200) NOT NULL,
    action_flag smallint NOT NULL,
    change_message text NOT NULL,
    content_type_id integer,
    user_id integer NOT NULL,
    CONSTRAINT django_admin_log_action_flag_check CHECK ((action_flag >= 0))
);


ALTER TABLE public.django_admin_log OWNER TO postgres;

--
-- TOC entry 232 (class 1259 OID 16513)
-- Name: django_admin_log_id_seq; Type: SEQUENCE; Schema: public; Owner: postgres
--

ALTER TABLE public.django_admin_log ALTER COLUMN id ADD GENERATED BY DEFAULT AS IDENTITY (
    SEQUENCE NAME public.django_admin_log_id_seq
    START WITH 1
    INCREMENT BY 1
    NO MINVALUE
    NO MAXVALUE
    CACHE 1
);


--
-- TOC entry 219 (class 1259 OID 16414)
-- Name: django_content_type; Type: TABLE; Schema: public; Owner: postgres
--

CREATE TABLE public.django_content_type (
    id integer NOT NULL,
    app_label character varying(100) NOT NULL,
    model character varying(100) NOT NULL
);


ALTER TABLE public.django_content_type OWNER TO postgres;

--
-- TOC entry 218 (class 1259 OID 16413)
-- Name: django_content_type_id_seq; Type: SEQUENCE; Schema: public; Owner: postgres
--

ALTER TABLE public.django_content_type ALTER COLUMN id ADD GENERATED BY DEFAULT AS IDENTITY (
    SEQUENCE NAME public.django_content_type_id_seq
    START WITH 1
    INCREMENT BY 1
    NO MINVALUE
    NO MAXVALUE
    CACHE 1
);


--
-- TOC entry 215 (class 1259 OID 16400)
-- Name: django_migrations; Type: TABLE; Schema: public; Owner: postgres
--

CREATE TABLE public.django_migrations (
    id bigint NOT NULL,
    app character varying(255) NOT NULL,
    name character varying(255) NOT NULL,
    applied timestamp with time zone NOT NULL
);


ALTER TABLE public.django_migrations OWNER TO postgres;

--
-- TOC entry 214 (class 1259 OID 16399)
-- Name: django_migrations_id_seq; Type: SEQUENCE; Schema: public; Owner: postgres
--

ALTER TABLE public.django_migrations ALTER COLUMN id ADD GENERATED BY DEFAULT AS IDENTITY (
    SEQUENCE NAME public.django_migrations_id_seq
    START WITH 1
    INCREMENT BY 1
    NO MINVALUE
    NO MAXVALUE
    CACHE 1
);


--
-- TOC entry 234 (class 1259 OID 16542)
-- Name: django_session; Type: TABLE; Schema: public; Owner: postgres
--

CREATE TABLE public.django_session (
    session_key character varying(40) NOT NULL,
    session_data text NOT NULL,
    expire_date timestamp with time zone NOT NULL
);


ALTER TABLE public.django_session OWNER TO postgres;

--
-- TOC entry 3495 (class 0 OID 16552)
-- Dependencies: 236
-- Data for Name: MainApp_balancesheet; Type: TABLE DATA; Schema: public; Owner: postgres
--

COPY public."MainApp_balancesheet" (id, "ClosingBalance", "Comment", "OpeningBalance", "ThatDay", "ToBank", "TodayIncome", "TotalPaymentGiven", "TotalPaymentReceived") FROM stdin;
\.


--
-- TOC entry 3497 (class 0 OID 16558)
-- Dependencies: 238
-- Data for Name: MainApp_buyers; Type: TABLE DATA; Schema: public; Owner: postgres
--

COPY public."MainApp_buyers" (id, "BuyerName", "MobileNumber", "FromAddress") FROM stdin;
1	Mahesh	123456789	ckm
\.


--
-- TOC entry 3505 (class 0 OID 16582)
-- Dependencies: 246
-- Data for Name: MainApp_exportedgoods; Type: TABLE DATA; Schema: public; Owner: postgres
--

COPY public."MainApp_exportedgoods" (id, "BuyerID_id", "ImportedGoodID_id", "BalanceToBeReceived", "BillingStatus", "Comment", "CretesCount", "ExportDate", "MandiExpenses", "PaymentReceivedDate", "SellingPrice", "TobeReceivedFromSupplier", "TotalAmount", "inKGs") FROM stdin;
\.


--
-- TOC entry 3476 (class 0 OID 16408)
-- Dependencies: 217
-- Data for Name: MainApp_goods; Type: TABLE DATA; Schema: public; Owner: postgres
--

COPY public."MainApp_goods" (id, "GoodsName", "GoodsQuality", "GoodsPrice") FROM stdin;
12	Mango	2nd	75
11	Mango	1st	23333
\.


--
-- TOC entry 3503 (class 0 OID 16576)
-- Dependencies: 244
-- Data for Name: MainApp_importedgoods; Type: TABLE DATA; Schema: public; Owner: postgres
--

COPY public."MainApp_importedgoods" (id, "GoodsID_id", "SupplierID_id", "BalanceToBePaid", "BillingStatus", "Comment", "DatePaid", "GoodsPrice", "ImportDate", "MandiExpenses", "SoldStatus", "TobePaidToSupplier", "TotalAmount", "creatsCount", "inKGs") FROM stdin;
1	11	1	99990	f	No Comments	2023-12-18	100	2023-12-18	10	f	99990	100000	100	1000
\.


--
-- TOC entry 3499 (class 0 OID 16564)
-- Dependencies: 240
-- Data for Name: MainApp_mandiexpenses; Type: TABLE DATA; Schema: public; Owner: postgres
--

COPY public."MainApp_mandiexpenses" (id, "Charity", "Coolie", "MandiServiceCharge", "Wastage") FROM stdin;
1	100	10	10	10
\.


--
-- TOC entry 3501 (class 0 OID 16570)
-- Dependencies: 242
-- Data for Name: MainApp_suppliers; Type: TABLE DATA; Schema: public; Owner: postgres
--

COPY public."MainApp_suppliers" (id, "SupplierName", "MobileNumber", "FromAddress") FROM stdin;
1	Vijay	9874563210	KGF
\.


--
-- TOC entry 3482 (class 0 OID 16428)
-- Dependencies: 223
-- Data for Name: auth_group; Type: TABLE DATA; Schema: public; Owner: postgres
--

COPY public.auth_group (id, name) FROM stdin;
1	EMPLOYEES
2	ADMINS
\.


--
-- TOC entry 3484 (class 0 OID 16436)
-- Dependencies: 225
-- Data for Name: auth_group_permissions; Type: TABLE DATA; Schema: public; Owner: postgres
--

COPY public.auth_group_permissions (id, group_id, permission_id) FROM stdin;
1	1	1
2	1	4
3	1	37
4	1	40
5	1	41
6	1	44
7	1	45
8	1	48
9	1	49
10	1	52
11	2	1
12	2	2
13	2	3
14	2	4
15	2	5
16	2	6
17	2	7
18	2	8
19	2	9
20	2	10
21	2	11
22	2	12
23	2	13
24	2	14
25	2	15
26	2	16
27	2	17
28	2	18
29	2	19
30	2	20
31	2	21
32	2	22
33	2	23
34	2	24
35	2	25
36	2	26
37	2	27
38	2	28
39	2	29
40	2	30
41	2	31
42	2	32
43	2	33
44	2	34
45	2	35
46	2	36
47	2	37
48	2	38
49	2	39
50	2	40
51	2	41
52	2	42
53	2	43
54	2	44
55	2	45
56	2	46
57	2	47
58	2	48
59	2	49
60	2	50
61	2	51
62	2	52
\.


--
-- TOC entry 3480 (class 0 OID 16422)
-- Dependencies: 221
-- Data for Name: auth_permission; Type: TABLE DATA; Schema: public; Owner: postgres
--

COPY public.auth_permission (id, name, content_type_id, codename) FROM stdin;
1	Can add goods	1	add_goods
2	Can change goods	1	change_goods
3	Can delete goods	1	delete_goods
4	Can view goods	1	view_goods
5	Can add log entry	2	add_logentry
6	Can change log entry	2	change_logentry
7	Can delete log entry	2	delete_logentry
8	Can view log entry	2	view_logentry
9	Can add permission	3	add_permission
10	Can change permission	3	change_permission
11	Can delete permission	3	delete_permission
12	Can view permission	3	view_permission
13	Can add group	4	add_group
14	Can change group	4	change_group
15	Can delete group	4	delete_group
16	Can view group	4	view_group
17	Can add user	5	add_user
18	Can change user	5	change_user
19	Can delete user	5	delete_user
20	Can view user	5	view_user
21	Can add content type	6	add_contenttype
22	Can change content type	6	change_contenttype
23	Can delete content type	6	delete_contenttype
24	Can view content type	6	view_contenttype
25	Can add session	7	add_session
26	Can change session	7	change_session
27	Can delete session	7	delete_session
28	Can view session	7	view_session
29	Can add balance sheet	8	add_balancesheet
30	Can change balance sheet	8	change_balancesheet
31	Can delete balance sheet	8	delete_balancesheet
32	Can view balance sheet	8	view_balancesheet
33	Can add mandi expenses	9	add_mandiexpenses
34	Can change mandi expenses	9	change_mandiexpenses
35	Can delete mandi expenses	9	delete_mandiexpenses
36	Can view mandi expenses	9	view_mandiexpenses
37	Can add exported goods	10	add_exportedgoods
38	Can change exported goods	10	change_exportedgoods
39	Can delete exported goods	10	delete_exportedgoods
40	Can view exported goods	10	view_exportedgoods
41	Can add imported goods	11	add_importedgoods
42	Can change imported goods	11	change_importedgoods
43	Can delete imported goods	11	delete_importedgoods
44	Can view imported goods	11	view_importedgoods
45	Can add buyers	12	add_buyers
46	Can change buyers	12	change_buyers
47	Can delete buyers	12	delete_buyers
48	Can view buyers	12	view_buyers
49	Can add suppliers	13	add_suppliers
50	Can change suppliers	13	change_suppliers
51	Can delete suppliers	13	delete_suppliers
52	Can view suppliers	13	view_suppliers
\.


--
-- TOC entry 3486 (class 0 OID 16442)
-- Dependencies: 227
-- Data for Name: auth_user; Type: TABLE DATA; Schema: public; Owner: postgres
--

COPY public.auth_user (id, password, last_login, is_superuser, username, first_name, last_name, email, is_staff, is_active, date_joined) FROM stdin;
3	pbkdf2_sha256$720000$Z3npdUzwGd6v0P48AS1cil$UNut+OMDDSk5IIniI2Ozw3XuzLPQ8UE3mJeD8vGKe5o=	2023-12-18 23:09:17.204582+05:30	f	Admin1				t	t	2023-12-18 22:23:56+05:30
1	pbkdf2_sha256$720000$LQrzqchmmnpu7z9AyVtf70$7EIc6wqhpguKkcWdnm4ht3Mz69Ud7Nvbpxppl8fLSNw=	2023-12-19 17:56:21.954754+05:30	t	admin			admin@admin.com	t	t	2023-12-18 21:05:59.081589+05:30
2	pbkdf2_sha256$720000$Ycb3kWIatADfUDIOjG0hj2$Yn6r9BAAMvI13H474XS+VM7oXruNWaOmcnP0SGbXPEk=	2023-12-19 17:56:57.329705+05:30	f	EMP1				t	t	2023-12-18 22:20:07+05:30
\.


--
-- TOC entry 3488 (class 0 OID 16450)
-- Dependencies: 229
-- Data for Name: auth_user_groups; Type: TABLE DATA; Schema: public; Owner: postgres
--

COPY public.auth_user_groups (id, user_id, group_id) FROM stdin;
1	2	1
2	3	2
\.


--
-- TOC entry 3490 (class 0 OID 16456)
-- Dependencies: 231
-- Data for Name: auth_user_user_permissions; Type: TABLE DATA; Schema: public; Owner: postgres
--

COPY public.auth_user_user_permissions (id, user_id, permission_id) FROM stdin;
\.


--
-- TOC entry 3492 (class 0 OID 16514)
-- Dependencies: 233
-- Data for Name: django_admin_log; Type: TABLE DATA; Schema: public; Owner: postgres
--

COPY public.django_admin_log (id, action_time, object_id, object_repr, action_flag, change_message, content_type_id, user_id) FROM stdin;
1	2023-12-18 21:13:23.135388+05:30	1	goods object (1)	1	[{"added": {}}]	1	1
2	2023-12-18 21:13:31.052104+05:30	1	goods object (1)	2	[{"changed": {"fields": ["GoodsQuality"]}}]	1	1
3	2023-12-18 21:13:40.992873+05:30	2	goods object (2)	1	[{"added": {}}]	1	1
4	2023-12-18 21:15:21.39903+05:30	2	goods object (2)	3		1	1
5	2023-12-18 21:15:21.40555+05:30	1	goods object (1)	3		1	1
6	2023-12-18 21:16:32.332876+05:30	3	goods object (3)	1	[{"added": {}}]	1	1
7	2023-12-18 21:17:05.650357+05:30	3	goods object (3)	2	[{"changed": {"fields": ["GoodsQuality"]}}]	1	1
8	2023-12-18 21:17:09.889548+05:30	3	goods object (3)	2	[{"changed": {"fields": ["GoodsQuality"]}}]	1	1
9	2023-12-18 21:17:12.112857+05:30	3	goods object (3)	2	[]	1	1
10	2023-12-18 21:17:12.928171+05:30	3	goods object (3)	2	[]	1	1
11	2023-12-18 21:17:13.1044+05:30	3	goods object (3)	2	[]	1	1
12	2023-12-18 21:17:13.281094+05:30	3	goods object (3)	2	[]	1	1
13	2023-12-18 21:17:56.008218+05:30	4	goods object (4)	1	[{"added": {}}]	1	1
14	2023-12-18 21:18:14.01871+05:30	5	goods object (5)	1	[{"added": {}}]	1	1
15	2023-12-18 21:18:23.460893+05:30	6	goods object (6)	1	[{"added": {}}]	1	1
16	2023-12-18 21:18:30.624428+05:30	7	goods object (7)	1	[{"added": {}}]	1	1
17	2023-12-18 22:05:29.093746+05:30	7	goods object (7)	3		1	1
18	2023-12-18 22:05:29.100059+05:30	6	goods object (6)	3		1	1
19	2023-12-18 22:05:29.10153+05:30	5	goods object (5)	3		1	1
20	2023-12-18 22:05:29.103399+05:30	4	goods object (4)	3		1	1
21	2023-12-18 22:05:29.104415+05:30	3	goods object (3)	3		1	1
22	2023-12-18 22:13:57.601415+05:30	8	goods object (8)	1	[{"added": {}}]	1	1
23	2023-12-18 22:14:12.917945+05:30	9	goods object (9)	1	[{"added": {}}]	1	1
24	2023-12-18 22:14:22.303669+05:30	10	goods object (10)	1	[{"added": {}}]	1	1
25	2023-12-18 22:15:39.726492+05:30	10	goods object (10)	3		1	1
26	2023-12-18 22:15:39.734197+05:30	9	goods object (9)	3		1	1
27	2023-12-18 22:15:39.736202+05:30	8	goods object (8)	3		1	1
28	2023-12-18 22:16:38.035399+05:30	11	goods object (11)	1	[{"added": {}}]	1	1
29	2023-12-18 22:16:46.923317+05:30	12	goods object (12)	1	[{"added": {}}]	1	1
30	2023-12-18 22:16:54.209142+05:30	13	goods object (13)	1	[{"added": {}}]	1	1
31	2023-12-18 22:18:02.446606+05:30	1	Buyers object (1)	1	[{"added": {}}]	12	1
32	2023-12-18 22:18:22.942425+05:30	1	Suppliers object (1)	1	[{"added": {}}]	13	1
33	2023-12-18 22:18:43.890218+05:30	1	MandiExpenses object (1)	1	[{"added": {}}]	9	1
34	2023-12-18 22:20:07.859517+05:30	2	EMP1	1	[{"added": {}}]	5	1
35	2023-12-18 22:22:58.965555+05:30	1	EMPLOYEES	1	[{"added": {}}]	4	1
36	2023-12-18 22:23:38.165792+05:30	2	ADMINS	1	[{"added": {}}]	4	1
37	2023-12-18 22:23:57.227181+05:30	3	Admin1	1	[{"added": {}}]	5	1
38	2023-12-18 22:24:21.550034+05:30	2	EMP1	2	[{"changed": {"fields": ["Groups"]}}]	5	1
39	2023-12-18 22:24:37.148413+05:30	3	Admin1	2	[{"changed": {"fields": ["Groups"]}}]	5	1
40	2023-12-18 22:26:31.214428+05:30	3	Admin1	2	[{"changed": {"fields": ["Staff status"]}}]	5	1
41	2023-12-18 22:26:51.543319+05:30	2	EMP1	2	[{"changed": {"fields": ["Staff status"]}}]	5	1
42	2023-12-18 22:44:31.996326+05:30	1	ImportedGoods object (1)	1	[{"added": {}}]	11	2
43	2023-12-18 22:50:23.959913+05:30	13	goods object (13)	2	[{"changed": {"fields": ["GoodsPrice", "GoodsPrice1"]}}]	1	3
44	2023-12-18 22:50:42.750352+05:30	13	goods object (13)	2	[]	1	3
45	2023-12-18 23:10:14.587008+05:30	12	goods object (12)	2	[]	1	1
46	2023-12-18 23:11:19.960343+05:30	1	Suppliers object (1)	2	[]	13	1
47	2023-12-18 23:12:32.851685+05:30	12	goods object (12)	2	[]	1	1
48	2023-12-18 23:53:42.022917+05:30	13	goods object (13)	2	[{"changed": {"fields": ["GoodsPrice"]}}]	1	1
49	2023-12-18 23:54:30.25996+05:30	11	goods object (11)	2	[{"changed": {"fields": ["GoodsPrice"]}}]	1	1
50	2023-12-19 00:31:01.531189+05:30	13	goods object (13)	2	[{"changed": {"fields": ["GoodsPrice"]}}]	1	1
51	2023-12-19 01:26:09.032633+05:30	1	ImportedGoods object (1)	2	[]	11	1
52	2023-12-19 17:58:38.460345+05:30	11	goods object (11)	2	[{"changed": {"fields": ["GoodsPrice"]}}]	1	1
53	2023-12-19 17:58:49.872923+05:30	11	goods object (11)	2	[{"changed": {"fields": ["GoodsPrice"]}}]	1	1
\.


--
-- TOC entry 3478 (class 0 OID 16414)
-- Dependencies: 219
-- Data for Name: django_content_type; Type: TABLE DATA; Schema: public; Owner: postgres
--

COPY public.django_content_type (id, app_label, model) FROM stdin;
1	MainApp	goods
2	admin	logentry
3	auth	permission
4	auth	group
5	auth	user
6	contenttypes	contenttype
7	sessions	session
8	MainApp	balancesheet
9	MainApp	mandiexpenses
10	MainApp	exportedgoods
11	MainApp	importedgoods
12	MainApp	buyers
13	MainApp	suppliers
\.


--
-- TOC entry 3474 (class 0 OID 16400)
-- Dependencies: 215
-- Data for Name: django_migrations; Type: TABLE DATA; Schema: public; Owner: postgres
--

COPY public.django_migrations (id, app, name, applied) FROM stdin;
1	MainApp	0001_initial	2023-12-18 17:25:50.401004+05:30
2	contenttypes	0001_initial	2023-12-18 17:25:50.417887+05:30
3	auth	0001_initial	2023-12-18 17:25:50.526889+05:30
4	admin	0001_initial	2023-12-18 17:25:50.557739+05:30
5	admin	0002_logentry_remove_auto_add	2023-12-18 17:25:50.568109+05:30
6	admin	0003_logentry_add_action_flag_choices	2023-12-18 17:25:50.579101+05:30
7	contenttypes	0002_remove_content_type_name	2023-12-18 17:25:50.600896+05:30
8	auth	0002_alter_permission_name_max_length	2023-12-18 17:25:50.61142+05:30
9	auth	0003_alter_user_email_max_length	2023-12-18 17:25:50.621815+05:30
10	auth	0004_alter_user_username_opts	2023-12-18 17:25:50.633067+05:30
11	auth	0005_alter_user_last_login_null	2023-12-18 17:25:50.645011+05:30
12	auth	0006_require_contenttypes_0002	2023-12-18 17:25:50.646006+05:30
13	auth	0007_alter_validators_add_error_messages	2023-12-18 17:25:50.656728+05:30
14	auth	0008_alter_user_username_max_length	2023-12-18 17:25:50.673049+05:30
15	auth	0009_alter_user_last_name_max_length	2023-12-18 17:25:50.684298+05:30
16	auth	0010_alter_group_name_max_length	2023-12-18 17:25:50.695368+05:30
17	auth	0011_update_proxy_permissions	2023-12-18 17:25:50.706364+05:30
18	auth	0012_alter_user_first_name_max_length	2023-12-18 17:25:50.718671+05:30
19	sessions	0001_initial	2023-12-18 17:25:50.735786+05:30
20	MainApp	0002_balancesheet_buyers_mandiexpenses_suppliers_and_more	2023-12-18 20:57:50.999417+05:30
21	MainApp	0003_balancesheet_closingbalance_balancesheet_comment_and_more	2023-12-18 22:01:42.316721+05:30
22	MainApp	0004_goods_goodsprice1	2023-12-18 22:49:26.618895+05:30
23	MainApp	0005_remove_goods_goodsprice1	2023-12-18 23:04:11.901044+05:30
\.


--
-- TOC entry 3493 (class 0 OID 16542)
-- Dependencies: 234
-- Data for Name: django_session; Type: TABLE DATA; Schema: public; Owner: postgres
--

COPY public.django_session (session_key, session_data, expire_date) FROM stdin;
jv5yue8f3wfmepdfdfmoeuu33jlytdkm	.eJxVjDsOwjAQBe_iGllrO_5R0ucM0XrX4ACypTipEHeHSCmgfTPzXmLCbS3T1vMyzSzOQonT75aQHrnugO9Yb01Sq-syJ7kr8qBdjo3z83K4fwcFe_nW2ikCSF5x1MlHYvAYCEwC0EiRtDaWLIfIhhzoq0omQzAB3QB-sEa8P8xgNvI:1rFZAz:V1yb-aburhuXpSOvyu1PX0pOtYFK0esldeh7o8WZMbI	2024-01-02 17:56:21.964805+05:30
39wghssm0mgnc8t73ciir5xxfrqnrvon	.eJxVjDkOwjAUBe_iGlnEP3ihpM8Zor_YOIBsKU4qxN2RpRTQvpl5bzXjvuV5b3GdF1FXZdTpdyPkZywdyAPLvWquZVsX0l3RB216qhJft8P9O8jYcq8tIYBjcAMbdA5YjNh0GSmI9-cxDIkSJ-Qwgo_kbPAkBgS8ZeAE6vMF9bc4dg:1rFZBZ:DqubYi03m1SX-3sG4XdktHUb22WO4w3ZIzIQTxF3KF0	2024-01-02 17:56:57.337705+05:30
\.


--
-- TOC entry 3512 (class 0 OID 0)
-- Dependencies: 235
-- Name: MainApp_balancesheet_id_seq; Type: SEQUENCE SET; Schema: public; Owner: postgres
--

SELECT pg_catalog.setval('public."MainApp_balancesheet_id_seq"', 1, false);


--
-- TOC entry 3513 (class 0 OID 0)
-- Dependencies: 237
-- Name: MainApp_buyers_id_seq; Type: SEQUENCE SET; Schema: public; Owner: postgres
--

SELECT pg_catalog.setval('public."MainApp_buyers_id_seq"', 1, true);


--
-- TOC entry 3514 (class 0 OID 0)
-- Dependencies: 245
-- Name: MainApp_exportedgoods_id_seq; Type: SEQUENCE SET; Schema: public; Owner: postgres
--

SELECT pg_catalog.setval('public."MainApp_exportedgoods_id_seq"', 1, false);


--
-- TOC entry 3515 (class 0 OID 0)
-- Dependencies: 216
-- Name: MainApp_goods_id_seq; Type: SEQUENCE SET; Schema: public; Owner: postgres
--

SELECT pg_catalog.setval('public."MainApp_goods_id_seq"', 13, true);


--
-- TOC entry 3516 (class 0 OID 0)
-- Dependencies: 243
-- Name: MainApp_importedgoods_id_seq; Type: SEQUENCE SET; Schema: public; Owner: postgres
--

SELECT pg_catalog.setval('public."MainApp_importedgoods_id_seq"', 1, true);


--
-- TOC entry 3517 (class 0 OID 0)
-- Dependencies: 239
-- Name: MainApp_mandiexpenses_id_seq; Type: SEQUENCE SET; Schema: public; Owner: postgres
--

SELECT pg_catalog.setval('public."MainApp_mandiexpenses_id_seq"', 1, true);


--
-- TOC entry 3518 (class 0 OID 0)
-- Dependencies: 241
-- Name: MainApp_suppliers_id_seq; Type: SEQUENCE SET; Schema: public; Owner: postgres
--

SELECT pg_catalog.setval('public."MainApp_suppliers_id_seq"', 1, true);


--
-- TOC entry 3519 (class 0 OID 0)
-- Dependencies: 222
-- Name: auth_group_id_seq; Type: SEQUENCE SET; Schema: public; Owner: postgres
--

SELECT pg_catalog.setval('public.auth_group_id_seq', 2, true);


--
-- TOC entry 3520 (class 0 OID 0)
-- Dependencies: 224
-- Name: auth_group_permissions_id_seq; Type: SEQUENCE SET; Schema: public; Owner: postgres
--

SELECT pg_catalog.setval('public.auth_group_permissions_id_seq', 62, true);


--
-- TOC entry 3521 (class 0 OID 0)
-- Dependencies: 220
-- Name: auth_permission_id_seq; Type: SEQUENCE SET; Schema: public; Owner: postgres
--

SELECT pg_catalog.setval('public.auth_permission_id_seq', 52, true);


--
-- TOC entry 3522 (class 0 OID 0)
-- Dependencies: 228
-- Name: auth_user_groups_id_seq; Type: SEQUENCE SET; Schema: public; Owner: postgres
--

SELECT pg_catalog.setval('public.auth_user_groups_id_seq', 2, true);


--
-- TOC entry 3523 (class 0 OID 0)
-- Dependencies: 226
-- Name: auth_user_id_seq; Type: SEQUENCE SET; Schema: public; Owner: postgres
--

SELECT pg_catalog.setval('public.auth_user_id_seq', 3, true);


--
-- TOC entry 3524 (class 0 OID 0)
-- Dependencies: 230
-- Name: auth_user_user_permissions_id_seq; Type: SEQUENCE SET; Schema: public; Owner: postgres
--

SELECT pg_catalog.setval('public.auth_user_user_permissions_id_seq', 1, false);


--
-- TOC entry 3525 (class 0 OID 0)
-- Dependencies: 232
-- Name: django_admin_log_id_seq; Type: SEQUENCE SET; Schema: public; Owner: postgres
--

SELECT pg_catalog.setval('public.django_admin_log_id_seq', 53, true);


--
-- TOC entry 3526 (class 0 OID 0)
-- Dependencies: 218
-- Name: django_content_type_id_seq; Type: SEQUENCE SET; Schema: public; Owner: postgres
--

SELECT pg_catalog.setval('public.django_content_type_id_seq', 13, true);


--
-- TOC entry 3527 (class 0 OID 0)
-- Dependencies: 214
-- Name: django_migrations_id_seq; Type: SEQUENCE SET; Schema: public; Owner: postgres
--

SELECT pg_catalog.setval('public.django_migrations_id_seq', 23, true);


--
-- TOC entry 3303 (class 2606 OID 16556)
-- Name: MainApp_balancesheet MainApp_balancesheet_pkey; Type: CONSTRAINT; Schema: public; Owner: postgres
--

ALTER TABLE ONLY public."MainApp_balancesheet"
    ADD CONSTRAINT "MainApp_balancesheet_pkey" PRIMARY KEY (id);


--
-- TOC entry 3305 (class 2606 OID 16562)
-- Name: MainApp_buyers MainApp_buyers_pkey; Type: CONSTRAINT; Schema: public; Owner: postgres
--

ALTER TABLE ONLY public."MainApp_buyers"
    ADD CONSTRAINT "MainApp_buyers_pkey" PRIMARY KEY (id);


--
-- TOC entry 3317 (class 2606 OID 16586)
-- Name: MainApp_exportedgoods MainApp_exportedgoods_pkey; Type: CONSTRAINT; Schema: public; Owner: postgres
--

ALTER TABLE ONLY public."MainApp_exportedgoods"
    ADD CONSTRAINT "MainApp_exportedgoods_pkey" PRIMARY KEY (id);


--
-- TOC entry 3256 (class 2606 OID 16412)
-- Name: MainApp_goods MainApp_goods_pkey; Type: CONSTRAINT; Schema: public; Owner: postgres
--

ALTER TABLE ONLY public."MainApp_goods"
    ADD CONSTRAINT "MainApp_goods_pkey" PRIMARY KEY (id);


--
-- TOC entry 3313 (class 2606 OID 16580)
-- Name: MainApp_importedgoods MainApp_importedgoods_pkey; Type: CONSTRAINT; Schema: public; Owner: postgres
--

ALTER TABLE ONLY public."MainApp_importedgoods"
    ADD CONSTRAINT "MainApp_importedgoods_pkey" PRIMARY KEY (id);


--
-- TOC entry 3307 (class 2606 OID 16568)
-- Name: MainApp_mandiexpenses MainApp_mandiexpenses_pkey; Type: CONSTRAINT; Schema: public; Owner: postgres
--

ALTER TABLE ONLY public."MainApp_mandiexpenses"
    ADD CONSTRAINT "MainApp_mandiexpenses_pkey" PRIMARY KEY (id);


--
-- TOC entry 3309 (class 2606 OID 16574)
-- Name: MainApp_suppliers MainApp_suppliers_pkey; Type: CONSTRAINT; Schema: public; Owner: postgres
--

ALTER TABLE ONLY public."MainApp_suppliers"
    ADD CONSTRAINT "MainApp_suppliers_pkey" PRIMARY KEY (id);


--
-- TOC entry 3268 (class 2606 OID 16540)
-- Name: auth_group auth_group_name_key; Type: CONSTRAINT; Schema: public; Owner: postgres
--

ALTER TABLE ONLY public.auth_group
    ADD CONSTRAINT auth_group_name_key UNIQUE (name);


--
-- TOC entry 3273 (class 2606 OID 16471)
-- Name: auth_group_permissions auth_group_permissions_group_id_permission_id_0cd325b0_uniq; Type: CONSTRAINT; Schema: public; Owner: postgres
--

ALTER TABLE ONLY public.auth_group_permissions
    ADD CONSTRAINT auth_group_permissions_group_id_permission_id_0cd325b0_uniq UNIQUE (group_id, permission_id);


--
-- TOC entry 3276 (class 2606 OID 16440)
-- Name: auth_group_permissions auth_group_permissions_pkey; Type: CONSTRAINT; Schema: public; Owner: postgres
--

ALTER TABLE ONLY public.auth_group_permissions
    ADD CONSTRAINT auth_group_permissions_pkey PRIMARY KEY (id);


--
-- TOC entry 3270 (class 2606 OID 16432)
-- Name: auth_group auth_group_pkey; Type: CONSTRAINT; Schema: public; Owner: postgres
--

ALTER TABLE ONLY public.auth_group
    ADD CONSTRAINT auth_group_pkey PRIMARY KEY (id);


--
-- TOC entry 3263 (class 2606 OID 16462)
-- Name: auth_permission auth_permission_content_type_id_codename_01ab375a_uniq; Type: CONSTRAINT; Schema: public; Owner: postgres
--

ALTER TABLE ONLY public.auth_permission
    ADD CONSTRAINT auth_permission_content_type_id_codename_01ab375a_uniq UNIQUE (content_type_id, codename);


--
-- TOC entry 3265 (class 2606 OID 16426)
-- Name: auth_permission auth_permission_pkey; Type: CONSTRAINT; Schema: public; Owner: postgres
--

ALTER TABLE ONLY public.auth_permission
    ADD CONSTRAINT auth_permission_pkey PRIMARY KEY (id);


--
-- TOC entry 3284 (class 2606 OID 16454)
-- Name: auth_user_groups auth_user_groups_pkey; Type: CONSTRAINT; Schema: public; Owner: postgres
--

ALTER TABLE ONLY public.auth_user_groups
    ADD CONSTRAINT auth_user_groups_pkey PRIMARY KEY (id);


--
-- TOC entry 3287 (class 2606 OID 16486)
-- Name: auth_user_groups auth_user_groups_user_id_group_id_94350c0c_uniq; Type: CONSTRAINT; Schema: public; Owner: postgres
--

ALTER TABLE ONLY public.auth_user_groups
    ADD CONSTRAINT auth_user_groups_user_id_group_id_94350c0c_uniq UNIQUE (user_id, group_id);


--
-- TOC entry 3278 (class 2606 OID 16446)
-- Name: auth_user auth_user_pkey; Type: CONSTRAINT; Schema: public; Owner: postgres
--

ALTER TABLE ONLY public.auth_user
    ADD CONSTRAINT auth_user_pkey PRIMARY KEY (id);


--
-- TOC entry 3290 (class 2606 OID 16460)
-- Name: auth_user_user_permissions auth_user_user_permissions_pkey; Type: CONSTRAINT; Schema: public; Owner: postgres
--

ALTER TABLE ONLY public.auth_user_user_permissions
    ADD CONSTRAINT auth_user_user_permissions_pkey PRIMARY KEY (id);


--
-- TOC entry 3293 (class 2606 OID 16500)
-- Name: auth_user_user_permissions auth_user_user_permissions_user_id_permission_id_14a6b632_uniq; Type: CONSTRAINT; Schema: public; Owner: postgres
--

ALTER TABLE ONLY public.auth_user_user_permissions
    ADD CONSTRAINT auth_user_user_permissions_user_id_permission_id_14a6b632_uniq UNIQUE (user_id, permission_id);


--
-- TOC entry 3281 (class 2606 OID 16535)
-- Name: auth_user auth_user_username_key; Type: CONSTRAINT; Schema: public; Owner: postgres
--

ALTER TABLE ONLY public.auth_user
    ADD CONSTRAINT auth_user_username_key UNIQUE (username);


--
-- TOC entry 3296 (class 2606 OID 16521)
-- Name: django_admin_log django_admin_log_pkey; Type: CONSTRAINT; Schema: public; Owner: postgres
--

ALTER TABLE ONLY public.django_admin_log
    ADD CONSTRAINT django_admin_log_pkey PRIMARY KEY (id);


--
-- TOC entry 3258 (class 2606 OID 16420)
-- Name: django_content_type django_content_type_app_label_model_76bd3d3b_uniq; Type: CONSTRAINT; Schema: public; Owner: postgres
--

ALTER TABLE ONLY public.django_content_type
    ADD CONSTRAINT django_content_type_app_label_model_76bd3d3b_uniq UNIQUE (app_label, model);


--
-- TOC entry 3260 (class 2606 OID 16418)
-- Name: django_content_type django_content_type_pkey; Type: CONSTRAINT; Schema: public; Owner: postgres
--

ALTER TABLE ONLY public.django_content_type
    ADD CONSTRAINT django_content_type_pkey PRIMARY KEY (id);


--
-- TOC entry 3254 (class 2606 OID 16406)
-- Name: django_migrations django_migrations_pkey; Type: CONSTRAINT; Schema: public; Owner: postgres
--

ALTER TABLE ONLY public.django_migrations
    ADD CONSTRAINT django_migrations_pkey PRIMARY KEY (id);


--
-- TOC entry 3300 (class 2606 OID 16548)
-- Name: django_session django_session_pkey; Type: CONSTRAINT; Schema: public; Owner: postgres
--

ALTER TABLE ONLY public.django_session
    ADD CONSTRAINT django_session_pkey PRIMARY KEY (session_key);


--
-- TOC entry 3314 (class 1259 OID 16609)
-- Name: MainApp_exportedgoods_BuyerID_id_469337c2; Type: INDEX; Schema: public; Owner: postgres
--

CREATE INDEX "MainApp_exportedgoods_BuyerID_id_469337c2" ON public."MainApp_exportedgoods" USING btree ("BuyerID_id");


--
-- TOC entry 3315 (class 1259 OID 16610)
-- Name: MainApp_exportedgoods_ImportedGoodID_id_7f043912; Type: INDEX; Schema: public; Owner: postgres
--

CREATE INDEX "MainApp_exportedgoods_ImportedGoodID_id_7f043912" ON public."MainApp_exportedgoods" USING btree ("ImportedGoodID_id");


--
-- TOC entry 3310 (class 1259 OID 16597)
-- Name: MainApp_importedgoods_GoodsID_id_45ef7433; Type: INDEX; Schema: public; Owner: postgres
--

CREATE INDEX "MainApp_importedgoods_GoodsID_id_45ef7433" ON public."MainApp_importedgoods" USING btree ("GoodsID_id");


--
-- TOC entry 3311 (class 1259 OID 16598)
-- Name: MainApp_importedgoods_SupplierID_id_61cc696a; Type: INDEX; Schema: public; Owner: postgres
--

CREATE INDEX "MainApp_importedgoods_SupplierID_id_61cc696a" ON public."MainApp_importedgoods" USING btree ("SupplierID_id");


--
-- TOC entry 3266 (class 1259 OID 16541)
-- Name: auth_group_name_a6ea08ec_like; Type: INDEX; Schema: public; Owner: postgres
--

CREATE INDEX auth_group_name_a6ea08ec_like ON public.auth_group USING btree (name varchar_pattern_ops);


--
-- TOC entry 3271 (class 1259 OID 16482)
-- Name: auth_group_permissions_group_id_b120cbf9; Type: INDEX; Schema: public; Owner: postgres
--

CREATE INDEX auth_group_permissions_group_id_b120cbf9 ON public.auth_group_permissions USING btree (group_id);


--
-- TOC entry 3274 (class 1259 OID 16483)
-- Name: auth_group_permissions_permission_id_84c5c92e; Type: INDEX; Schema: public; Owner: postgres
--

CREATE INDEX auth_group_permissions_permission_id_84c5c92e ON public.auth_group_permissions USING btree (permission_id);


--
-- TOC entry 3261 (class 1259 OID 16468)
-- Name: auth_permission_content_type_id_2f476e4b; Type: INDEX; Schema: public; Owner: postgres
--

CREATE INDEX auth_permission_content_type_id_2f476e4b ON public.auth_permission USING btree (content_type_id);


--
-- TOC entry 3282 (class 1259 OID 16498)
-- Name: auth_user_groups_group_id_97559544; Type: INDEX; Schema: public; Owner: postgres
--

CREATE INDEX auth_user_groups_group_id_97559544 ON public.auth_user_groups USING btree (group_id);


--
-- TOC entry 3285 (class 1259 OID 16497)
-- Name: auth_user_groups_user_id_6a12ed8b; Type: INDEX; Schema: public; Owner: postgres
--

CREATE INDEX auth_user_groups_user_id_6a12ed8b ON public.auth_user_groups USING btree (user_id);


--
-- TOC entry 3288 (class 1259 OID 16512)
-- Name: auth_user_user_permissions_permission_id_1fbb5f2c; Type: INDEX; Schema: public; Owner: postgres
--

CREATE INDEX auth_user_user_permissions_permission_id_1fbb5f2c ON public.auth_user_user_permissions USING btree (permission_id);


--
-- TOC entry 3291 (class 1259 OID 16511)
-- Name: auth_user_user_permissions_user_id_a95ead1b; Type: INDEX; Schema: public; Owner: postgres
--

CREATE INDEX auth_user_user_permissions_user_id_a95ead1b ON public.auth_user_user_permissions USING btree (user_id);


--
-- TOC entry 3279 (class 1259 OID 16536)
-- Name: auth_user_username_6821ab7c_like; Type: INDEX; Schema: public; Owner: postgres
--

CREATE INDEX auth_user_username_6821ab7c_like ON public.auth_user USING btree (username varchar_pattern_ops);


--
-- TOC entry 3294 (class 1259 OID 16532)
-- Name: django_admin_log_content_type_id_c4bce8eb; Type: INDEX; Schema: public; Owner: postgres
--

CREATE INDEX django_admin_log_content_type_id_c4bce8eb ON public.django_admin_log USING btree (content_type_id);


--
-- TOC entry 3297 (class 1259 OID 16533)
-- Name: django_admin_log_user_id_c564eba6; Type: INDEX; Schema: public; Owner: postgres
--

CREATE INDEX django_admin_log_user_id_c564eba6 ON public.django_admin_log USING btree (user_id);


--
-- TOC entry 3298 (class 1259 OID 16550)
-- Name: django_session_expire_date_a5c62663; Type: INDEX; Schema: public; Owner: postgres
--

CREATE INDEX django_session_expire_date_a5c62663 ON public.django_session USING btree (expire_date);


--
-- TOC entry 3301 (class 1259 OID 16549)
-- Name: django_session_session_key_c0390e0f_like; Type: INDEX; Schema: public; Owner: postgres
--

CREATE INDEX django_session_session_key_c0390e0f_like ON public.django_session USING btree (session_key varchar_pattern_ops);


--
-- TOC entry 3329 (class 2606 OID 16604)
-- Name: MainApp_exportedgoods MainApp_exportedgood_ImportedGoodID_id_7f043912_fk_MainApp_i; Type: FK CONSTRAINT; Schema: public; Owner: postgres
--

ALTER TABLE ONLY public."MainApp_exportedgoods"
    ADD CONSTRAINT "MainApp_exportedgood_ImportedGoodID_id_7f043912_fk_MainApp_i" FOREIGN KEY ("ImportedGoodID_id") REFERENCES public."MainApp_importedgoods"(id) DEFERRABLE INITIALLY DEFERRED;


--
-- TOC entry 3330 (class 2606 OID 16599)
-- Name: MainApp_exportedgoods MainApp_exportedgoods_BuyerID_id_469337c2_fk_MainApp_buyers_id; Type: FK CONSTRAINT; Schema: public; Owner: postgres
--

ALTER TABLE ONLY public."MainApp_exportedgoods"
    ADD CONSTRAINT "MainApp_exportedgoods_BuyerID_id_469337c2_fk_MainApp_buyers_id" FOREIGN KEY ("BuyerID_id") REFERENCES public."MainApp_buyers"(id) DEFERRABLE INITIALLY DEFERRED;


--
-- TOC entry 3327 (class 2606 OID 16592)
-- Name: MainApp_importedgoods MainApp_importedgood_SupplierID_id_61cc696a_fk_MainApp_s; Type: FK CONSTRAINT; Schema: public; Owner: postgres
--

ALTER TABLE ONLY public."MainApp_importedgoods"
    ADD CONSTRAINT "MainApp_importedgood_SupplierID_id_61cc696a_fk_MainApp_s" FOREIGN KEY ("SupplierID_id") REFERENCES public."MainApp_suppliers"(id) DEFERRABLE INITIALLY DEFERRED;


--
-- TOC entry 3328 (class 2606 OID 16587)
-- Name: MainApp_importedgoods MainApp_importedgoods_GoodsID_id_45ef7433_fk_MainApp_goods_id; Type: FK CONSTRAINT; Schema: public; Owner: postgres
--

ALTER TABLE ONLY public."MainApp_importedgoods"
    ADD CONSTRAINT "MainApp_importedgoods_GoodsID_id_45ef7433_fk_MainApp_goods_id" FOREIGN KEY ("GoodsID_id") REFERENCES public."MainApp_goods"(id) DEFERRABLE INITIALLY DEFERRED;


--
-- TOC entry 3319 (class 2606 OID 16477)
-- Name: auth_group_permissions auth_group_permissio_permission_id_84c5c92e_fk_auth_perm; Type: FK CONSTRAINT; Schema: public; Owner: postgres
--

ALTER TABLE ONLY public.auth_group_permissions
    ADD CONSTRAINT auth_group_permissio_permission_id_84c5c92e_fk_auth_perm FOREIGN KEY (permission_id) REFERENCES public.auth_permission(id) DEFERRABLE INITIALLY DEFERRED;


--
-- TOC entry 3320 (class 2606 OID 16472)
-- Name: auth_group_permissions auth_group_permissions_group_id_b120cbf9_fk_auth_group_id; Type: FK CONSTRAINT; Schema: public; Owner: postgres
--

ALTER TABLE ONLY public.auth_group_permissions
    ADD CONSTRAINT auth_group_permissions_group_id_b120cbf9_fk_auth_group_id FOREIGN KEY (group_id) REFERENCES public.auth_group(id) DEFERRABLE INITIALLY DEFERRED;


--
-- TOC entry 3318 (class 2606 OID 16463)
-- Name: auth_permission auth_permission_content_type_id_2f476e4b_fk_django_co; Type: FK CONSTRAINT; Schema: public; Owner: postgres
--

ALTER TABLE ONLY public.auth_permission
    ADD CONSTRAINT auth_permission_content_type_id_2f476e4b_fk_django_co FOREIGN KEY (content_type_id) REFERENCES public.django_content_type(id) DEFERRABLE INITIALLY DEFERRED;


--
-- TOC entry 3321 (class 2606 OID 16492)
-- Name: auth_user_groups auth_user_groups_group_id_97559544_fk_auth_group_id; Type: FK CONSTRAINT; Schema: public; Owner: postgres
--

ALTER TABLE ONLY public.auth_user_groups
    ADD CONSTRAINT auth_user_groups_group_id_97559544_fk_auth_group_id FOREIGN KEY (group_id) REFERENCES public.auth_group(id) DEFERRABLE INITIALLY DEFERRED;


--
-- TOC entry 3322 (class 2606 OID 16487)
-- Name: auth_user_groups auth_user_groups_user_id_6a12ed8b_fk_auth_user_id; Type: FK CONSTRAINT; Schema: public; Owner: postgres
--

ALTER TABLE ONLY public.auth_user_groups
    ADD CONSTRAINT auth_user_groups_user_id_6a12ed8b_fk_auth_user_id FOREIGN KEY (user_id) REFERENCES public.auth_user(id) DEFERRABLE INITIALLY DEFERRED;


--
-- TOC entry 3323 (class 2606 OID 16506)
-- Name: auth_user_user_permissions auth_user_user_permi_permission_id_1fbb5f2c_fk_auth_perm; Type: FK CONSTRAINT; Schema: public; Owner: postgres
--

ALTER TABLE ONLY public.auth_user_user_permissions
    ADD CONSTRAINT auth_user_user_permi_permission_id_1fbb5f2c_fk_auth_perm FOREIGN KEY (permission_id) REFERENCES public.auth_permission(id) DEFERRABLE INITIALLY DEFERRED;


--
-- TOC entry 3324 (class 2606 OID 16501)
-- Name: auth_user_user_permissions auth_user_user_permissions_user_id_a95ead1b_fk_auth_user_id; Type: FK CONSTRAINT; Schema: public; Owner: postgres
--

ALTER TABLE ONLY public.auth_user_user_permissions
    ADD CONSTRAINT auth_user_user_permissions_user_id_a95ead1b_fk_auth_user_id FOREIGN KEY (user_id) REFERENCES public.auth_user(id) DEFERRABLE INITIALLY DEFERRED;


--
-- TOC entry 3325 (class 2606 OID 16522)
-- Name: django_admin_log django_admin_log_content_type_id_c4bce8eb_fk_django_co; Type: FK CONSTRAINT; Schema: public; Owner: postgres
--

ALTER TABLE ONLY public.django_admin_log
    ADD CONSTRAINT django_admin_log_content_type_id_c4bce8eb_fk_django_co FOREIGN KEY (content_type_id) REFERENCES public.django_content_type(id) DEFERRABLE INITIALLY DEFERRED;


--
-- TOC entry 3326 (class 2606 OID 16527)
-- Name: django_admin_log django_admin_log_user_id_c564eba6_fk_auth_user_id; Type: FK CONSTRAINT; Schema: public; Owner: postgres
--

ALTER TABLE ONLY public.django_admin_log
    ADD CONSTRAINT django_admin_log_user_id_c564eba6_fk_auth_user_id FOREIGN KEY (user_id) REFERENCES public.auth_user(id) DEFERRABLE INITIALLY DEFERRED;


-- Completed on 2023-12-20 11:48:02

--
-- PostgreSQL database dump complete
--

--
-- Database "postgres" dump
--

\connect postgres

--
-- PostgreSQL database dump
--

-- Dumped from database version 15.5
-- Dumped by pg_dump version 16.0

-- Started on 2023-12-20 11:48:02

SET statement_timeout = 0;
SET lock_timeout = 0;
SET idle_in_transaction_session_timeout = 0;
SET client_encoding = 'UTF8';
SET standard_conforming_strings = on;
SELECT pg_catalog.set_config('search_path', '', false);
SET check_function_bodies = false;
SET xmloption = content;
SET client_min_messages = warning;
SET row_security = off;

--
-- TOC entry 2 (class 3079 OID 16384)
-- Name: adminpack; Type: EXTENSION; Schema: -; Owner: -
--

CREATE EXTENSION IF NOT EXISTS adminpack WITH SCHEMA pg_catalog;


--
-- TOC entry 3316 (class 0 OID 0)
-- Dependencies: 2
-- Name: EXTENSION adminpack; Type: COMMENT; Schema: -; Owner: 
--

COMMENT ON EXTENSION adminpack IS 'administrative functions for PostgreSQL';


-- Completed on 2023-12-20 11:48:02

--
-- PostgreSQL database dump complete
--

-- Completed on 2023-12-20 11:48:02

--
-- PostgreSQL database cluster dump complete
--

